dataset,file,size_mb,n_columns,columns,label_candidates,preview_rows_checked,missing_values_in_10k,inf_values_possible,attack_cat_value_counts_10k,label_value_counts_10k, Label_value_counts_10k
UNSW-NB15,UNSW_NB15_testing-set.csv,14.67,45,id | dur | proto | service | state | spkts | dpkts | sbytes | dbytes | rate | sttl | dttl | sload | dload | sloss | dloss | sinpkt | dinpkt | sjit | djit | swin | stcpb | dtcpb | dwin | tcprtt | synack | ackdat | smean | dmean | trans_depth | response_body_len | ct_srv_src | ct_state_ttl | ct_dst_ltm | ct_src_dport_ltm | ct_dst_sport_ltm | ct_dst_src_ltm | is_ftp_login | ct_ftp_cmd | ct_flw_http_mthd | ct_src_ltm | ct_srv_dst | is_sm_ips_ports | attack_cat | label,attack_cat | label,10000,0,manual_check_needed,"{'Exploits': 4531, 'DoS': 2498, 'Reconnaissance': 1365, 'Fuzzers': 1011, 'Normal': 243, 'Analysis': 151, 'Shellcode': 135, 'Backdoor': 49, 'Worms': 17}","{1: 9757, 0: 243}",
UNSW-NB15,UNSW_NB15_training-set.csv,30.8,45,id | dur | proto | service | state | spkts | dpkts | sbytes | dbytes | rate | sttl | dttl | sload | dload | sloss | dloss | sinpkt | dinpkt | sjit | djit | swin | stcpb | dtcpb | dwin | tcprtt | synack | ackdat | smean | dmean | trans_depth | response_body_len | ct_srv_src | ct_state_ttl | ct_dst_ltm | ct_src_dport_ltm | ct_dst_sport_ltm | ct_dst_src_ltm | is_ftp_login | ct_ftp_cmd | ct_flw_http_mthd | ct_src_ltm | ct_srv_dst | is_sm_ips_ports | attack_cat | label,attack_cat | label,10000,0,manual_check_needed,{'Normal': 10000},{0: 10000},
CICIDS2017,Friday-WorkingHours-Afternoon-DDos.pcap_ISCX.csv,91.65,85,Flow ID |  Source IP |  Source Port |  Destination IP |  Destination Port |  Protocol |  Timestamp |  Flow Duration |  Total Fwd Packets |  Total Backward Packets | Total Length of Fwd Packets |  Total Length of Bwd Packets |  Fwd Packet Length Max |  Fwd Packet Length Min |  Fwd Packet Length Mean |  Fwd Packet Length Std | Bwd Packet Length Max |  Bwd Packet Length Min |  Bwd Packet Length Mean |  Bwd Packet Length Std | Flow Bytes/s |  Flow Packets/s |  Flow IAT Mean |  Flow IAT Std |  Flow IAT Max |  Flow IAT Min | Fwd IAT Total |  Fwd IAT Mean |  Fwd IAT Std |  Fwd IAT Max |  Fwd IAT Min | Bwd IAT Total |  Bwd IAT Mean |  Bwd IAT Std |  Bwd IAT Max |  Bwd IAT Min | Fwd PSH Flags |  Bwd PSH Flags |  Fwd URG Flags |  Bwd URG Flags |  Fwd Header Length |  Bwd Header Length | Fwd Packets/s |  Bwd Packets/s |  Min Packet Length |  Max Packet Length |  Packet Length Mean |  Packet Length Std |  Packet Length Variance | FIN Flag Count |  SYN Flag Count |  RST Flag Count |  PSH Flag Count |  ACK Flag Count |  URG Flag Count |  CWE Flag Count |  ECE Flag Count |  Down/Up Ratio |  Average Packet Size |  Avg Fwd Segment Size |  Avg Bwd Segment Size |  Fwd Header Length.1 | Fwd Avg Bytes/Bulk |  Fwd Avg Packets/Bulk |  Fwd Avg Bulk Rate |  Bwd Avg Bytes/Bulk |  Bwd Avg Packets/Bulk | Bwd Avg Bulk Rate | Subflow Fwd Packets |  Subflow Fwd Bytes |  Subflow Bwd Packets |  Subflow Bwd Bytes | Init_Win_bytes_forward |  Init_Win_bytes_backward |  act_data_pkt_fwd |  min_seg_size_forward | Active Mean |  Active Std |  Active Max |  Active Min | Idle Mean |  Idle Std |  Idle Max |  Idle Min |  Label, Label,10000,1,manual_check_needed,,,{'BENIGN': 10000}
CICIDS2017,Friday-WorkingHours-Afternoon-PortScan.pcap_ISCX.csv,97.16,85,Flow ID |  Source IP |  Source Port |  Destination IP |  Destination Port |  Protocol |  Timestamp |  Flow Duration |  Total Fwd Packets |  Total Backward Packets | Total Length of Fwd Packets |  Total Length of Bwd Packets |  Fwd Packet Length Max |  Fwd Packet Length Min |  Fwd Packet Length Mean |  Fwd Packet Length Std | Bwd Packet Length Max |  Bwd Packet Length Min |  Bwd Packet Length Mean |  Bwd Packet Length Std | Flow Bytes/s |  Flow Packets/s |  Flow IAT Mean |  Flow IAT Std |  Flow IAT Max |  Flow IAT Min | Fwd IAT Total |  Fwd IAT Mean |  Fwd IAT Std |  Fwd IAT Max |  Fwd IAT Min | Bwd IAT Total |  Bwd IAT Mean |  Bwd IAT Std |  Bwd IAT Max |  Bwd IAT Min | Fwd PSH Flags |  Bwd PSH Flags |  Fwd URG Flags |  Bwd URG Flags |  Fwd Header Length |  Bwd Header Length | Fwd Packets/s |  Bwd Packets/s |  Min Packet Length |  Max Packet Length |  Packet Length Mean |  Packet Length Std |  Packet Length Variance | FIN Flag Count |  SYN Flag Count |  RST Flag Count |  PSH Flag Count |  ACK Flag Count |  URG Flag Count |  CWE Flag Count |  ECE Flag Count |  Down/Up Ratio |  Average Packet Size |  Avg Fwd Segment Size |  Avg Bwd Segment Size |  Fwd Header Length.1 | Fwd Avg Bytes/Bulk |  Fwd Avg Packets/Bulk |  Fwd Avg Bulk Rate |  Bwd Avg Bytes/Bulk |  Bwd Avg Packets/Bulk | Bwd Avg Bulk Rate | Subflow Fwd Packets |  Subflow Fwd Bytes |  Subflow Bwd Packets |  Subflow Bwd Bytes | Init_Win_bytes_forward |  Init_Win_bytes_backward |  act_data_pkt_fwd |  min_seg_size_forward | Active Mean |  Active Std |  Active Max |  Active Min | Idle Mean |  Idle Std |  Idle Max |  Idle Min |  Label, Label,10000,0,manual_check_needed,,,"{'BENIGN': 9993, 'PortScan': 7}"
CICIDS2017,Friday-WorkingHours-Morning.pcap_ISCX.csv,71.89,85,Flow ID |  Source IP |  Source Port |  Destination IP |  Destination Port |  Protocol |  Timestamp |  Flow Duration |  Total Fwd Packets |  Total Backward Packets | Total Length of Fwd Packets |  Total Length of Bwd Packets |  Fwd Packet Length Max |  Fwd Packet Length Min |  Fwd Packet Length Mean |  Fwd Packet Length Std | Bwd Packet Length Max |  Bwd Packet Length Min |  Bwd Packet Length Mean |  Bwd Packet Length Std | Flow Bytes/s |  Flow Packets/s |  Flow IAT Mean |  Flow IAT Std |  Flow IAT Max |  Flow IAT Min | Fwd IAT Total |  Fwd IAT Mean |  Fwd IAT Std |  Fwd IAT Max |  Fwd IAT Min | Bwd IAT Total |  Bwd IAT Mean |  Bwd IAT Std |  Bwd IAT Max |  Bwd IAT Min | Fwd PSH Flags |  Bwd PSH Flags |  Fwd URG Flags |  Bwd URG Flags |  Fwd Header Length |  Bwd Header Length | Fwd Packets/s |  Bwd Packets/s |  Min Packet Length |  Max Packet Length |  Packet Length Mean |  Packet Length Std |  Packet Length Variance | FIN Flag Count |  SYN Flag Count |  RST Flag Count |  PSH Flag Count |  ACK Flag Count |  URG Flag Count |  CWE Flag Count |  ECE Flag Count |  Down/Up Ratio |  Average Packet Size |  Avg Fwd Segment Size |  Avg Bwd Segment Size |  Fwd Header Length.1 | Fwd Avg Bytes/Bulk |  Fwd Avg Packets/Bulk |  Fwd Avg Bulk Rate |  Bwd Avg Bytes/Bulk |  Bwd Avg Packets/Bulk | Bwd Avg Bulk Rate | Subflow Fwd Packets |  Subflow Fwd Bytes |  Subflow Bwd Packets |  Subflow Bwd Bytes | Init_Win_bytes_forward |  Init_Win_bytes_backward |  act_data_pkt_fwd |  min_seg_size_forward | Active Mean |  Active Std |  Active Max |  Active Min | Idle Mean |  Idle Std |  Idle Max |  Idle Min |  Label, Label,10000,0,manual_check_needed,,,{'BENIGN': 10000}
CICIDS2017,Monday-WorkingHours.pcap_ISCX.csv,256.2,85,Flow ID |  Source IP |  Source Port |  Destination IP |  Destination Port |  Protocol |  Timestamp |  Flow Duration |  Total Fwd Packets |  Total Backward Packets | Total Length of Fwd Packets |  Total Length of Bwd Packets |  Fwd Packet Length Max |  Fwd Packet Length Min |  Fwd Packet Length Mean |  Fwd Packet Length Std | Bwd Packet Length Max |  Bwd Packet Length Min |  Bwd Packet Length Mean |  Bwd Packet Length Std | Flow Bytes/s |  Flow Packets/s |  Flow IAT Mean |  Flow IAT Std |  Flow IAT Max |  Flow IAT Min | Fwd IAT Total |  Fwd IAT Mean |  Fwd IAT Std |  Fwd IAT Max |  Fwd IAT Min | Bwd IAT Total |  Bwd IAT Mean |  Bwd IAT Std |  Bwd IAT Max |  Bwd IAT Min | Fwd PSH Flags |  Bwd PSH Flags |  Fwd URG Flags |  Bwd URG Flags |  Fwd Header Length |  Bwd Header Length | Fwd Packets/s |  Bwd Packets/s |  Min Packet Length |  Max Packet Length |  Packet Length Mean |  Packet Length Std |  Packet Length Variance | FIN Flag Count |  SYN Flag Count |  RST Flag Count |  PSH Flag Count |  ACK Flag Count |  URG Flag Count |  CWE Flag Count |  ECE Flag Count |  Down/Up Ratio |  Average Packet Size |  Avg Fwd Segment Size |  Avg Bwd Segment Size |  Fwd Header Length.1 | Fwd Avg Bytes/Bulk |  Fwd Avg Packets/Bulk |  Fwd Avg Bulk Rate |  Bwd Avg Bytes/Bulk |  Bwd Avg Packets/Bulk | Bwd Avg Bulk Rate | Subflow Fwd Packets |  Subflow Fwd Bytes |  Subflow Bwd Packets |  Subflow Bwd Bytes | Init_Win_bytes_forward |  Init_Win_bytes_backward |  act_data_pkt_fwd |  min_seg_size_forward | Active Mean |  Active Std |  Active Max |  Active Min | Idle Mean |  Idle Std |  Idle Max |  Idle Min |  Label, Label,10000,1,manual_check_needed,,,{'BENIGN': 10000}
CICIDS2017,Thursday-WorkingHours-Afternoon-Infilteration.pcap_ISCX.csv,103.69,85,Flow ID |  Source IP |  Source Port |  Destination IP |  Destination Port |  Protocol |  Timestamp |  Flow Duration |  Total Fwd Packets |  Total Backward Packets | Total Length of Fwd Packets |  Total Length of Bwd Packets |  Fwd Packet Length Max |  Fwd Packet Length Min |  Fwd Packet Length Mean |  Fwd Packet Length Std | Bwd Packet Length Max |  Bwd Packet Length Min |  Bwd Packet Length Mean |  Bwd Packet Length Std | Flow Bytes/s |  Flow Packets/s |  Flow IAT Mean |  Flow IAT Std |  Flow IAT Max |  Flow IAT Min | Fwd IAT Total |  Fwd IAT Mean |  Fwd IAT Std |  Fwd IAT Max |  Fwd IAT Min | Bwd IAT Total |  Bwd IAT Mean |  Bwd IAT Std |  Bwd IAT Max |  Bwd IAT Min | Fwd PSH Flags |  Bwd PSH Flags |  Fwd URG Flags |  Bwd URG Flags |  Fwd Header Length |  Bwd Header Length | Fwd Packets/s |  Bwd Packets/s |  Min Packet Length |  Max Packet Length |  Packet Length Mean |  Packet Length Std |  Packet Length Variance | FIN Flag Count |  SYN Flag Count |  RST Flag Count |  PSH Flag Count |  ACK Flag Count |  URG Flag Count |  CWE Flag Count |  ECE Flag Count |  Down/Up Ratio |  Average Packet Size |  Avg Fwd Segment Size |  Avg Bwd Segment Size |  Fwd Header Length.1 | Fwd Avg Bytes/Bulk |  Fwd Avg Packets/Bulk |  Fwd Avg Bulk Rate |  Bwd Avg Bytes/Bulk |  Bwd Avg Packets/Bulk | Bwd Avg Bulk Rate | Subflow Fwd Packets |  Subflow Fwd Bytes |  Subflow Bwd Packets |  Subflow Bwd Bytes | Init_Win_bytes_forward |  Init_Win_bytes_backward |  act_data_pkt_fwd |  min_seg_size_forward | Active Mean |  Active Std |  Active Max |  Active Min | Idle Mean |  Idle Std |  Idle Max |  Idle Min |  Label, Label,10000,0,manual_check_needed,,,{'BENIGN': 10000}
CICIDS2017,Thursday-WorkingHours-Morning-WebAttacks.pcap_ISCX.csv,87.77,85,Flow ID |  Source IP |  Source Port |  Destination IP |  Destination Port |  Protocol |  Timestamp |  Flow Duration |  Total Fwd Packets |  Total Backward Packets | Total Length of Fwd Packets |  Total Length of Bwd Packets |  Fwd Packet Length Max |  Fwd Packet Length Min |  Fwd Packet Length Mean |  Fwd Packet Length Std | Bwd Packet Length Max |  Bwd Packet Length Min |  Bwd Packet Length Mean |  Bwd Packet Length Std | Flow Bytes/s |  Flow Packets/s |  Flow IAT Mean |  Flow IAT Std |  Flow IAT Max |  Flow IAT Min | Fwd IAT Total |  Fwd IAT Mean |  Fwd IAT Std |  Fwd IAT Max |  Fwd IAT Min | Bwd IAT Total |  Bwd IAT Mean |  Bwd IAT Std |  Bwd IAT Max |  Bwd IAT Min | Fwd PSH Flags |  Bwd PSH Flags |  Fwd URG Flags |  Bwd URG Flags |  Fwd Header Length |  Bwd Header Length | Fwd Packets/s |  Bwd Packets/s |  Min Packet Length |  Max Packet Length |  Packet Length Mean |  Packet Length Std |  Packet Length Variance | FIN Flag Count |  SYN Flag Count |  RST Flag Count |  PSH Flag Count |  ACK Flag Count |  URG Flag Count |  CWE Flag Count |  ECE Flag Count |  Down/Up Ratio |  Average Packet Size |  Avg Fwd Segment Size |  Avg Bwd Segment Size |  Fwd Header Length.1 | Fwd Avg Bytes/Bulk |  Fwd Avg Packets/Bulk |  Fwd Avg Bulk Rate |  Bwd Avg Bytes/Bulk |  Bwd Avg Packets/Bulk | Bwd Avg Bulk Rate | Subflow Fwd Packets |  Subflow Fwd Bytes |  Subflow Bwd Packets |  Subflow Bwd Bytes | Init_Win_bytes_forward |  Init_Win_bytes_backward |  act_data_pkt_fwd |  min_seg_size_forward | Active Mean |  Active Std |  Active Max |  Active Min | Idle Mean |  Idle Std |  Idle Max |  Idle Min |  Label, Label,10000,2,manual_check_needed,,,{'BENIGN': 10000}
CICIDS2017,Tuesday-WorkingHours.pcap_ISCX.csv,166.6,85,Flow ID |  Source IP |  Source Port |  Destination IP |  Destination Port |  Protocol |  Timestamp |  Flow Duration |  Total Fwd Packets |  Total Backward Packets | Total Length of Fwd Packets |  Total Length of Bwd Packets |  Fwd Packet Length Max |  Fwd Packet Length Min |  Fwd Packet Length Mean |  Fwd Packet Length Std | Bwd Packet Length Max |  Bwd Packet Length Min |  Bwd Packet Length Mean |  Bwd Packet Length Std | Flow Bytes/s |  Flow Packets/s |  Flow IAT Mean |  Flow IAT Std |  Flow IAT Max |  Flow IAT Min | Fwd IAT Total |  Fwd IAT Mean |  Fwd IAT Std |  Fwd IAT Max |  Fwd IAT Min | Bwd IAT Total |  Bwd IAT Mean |  Bwd IAT Std |  Bwd IAT Max |  Bwd IAT Min | Fwd PSH Flags |  Bwd PSH Flags |  Fwd URG Flags |  Bwd URG Flags |  Fwd Header Length |  Bwd Header Length | Fwd Packets/s |  Bwd Packets/s |  Min Packet Length |  Max Packet Length |  Packet Length Mean |  Packet Length Std |  Packet Length Variance | FIN Flag Count |  SYN Flag Count |  RST Flag Count |  PSH Flag Count |  ACK Flag Count |  URG Flag Count |  CWE Flag Count |  ECE Flag Count |  Down/Up Ratio |  Average Packet Size |  Avg Fwd Segment Size |  Avg Bwd Segment Size |  Fwd Header Length.1 | Fwd Avg Bytes/Bulk |  Fwd Avg Packets/Bulk |  Fwd Avg Bulk Rate |  Bwd Avg Bytes/Bulk |  Bwd Avg Packets/Bulk | Bwd Avg Bulk Rate | Subflow Fwd Packets |  Subflow Fwd Bytes |  Subflow Bwd Packets |  Subflow Bwd Bytes | Init_Win_bytes_forward |  Init_Win_bytes_backward |  act_data_pkt_fwd |  min_seg_size_forward | Active Mean |  Active Std |  Active Max |  Active Min | Idle Mean |  Idle Std |  Idle Max |  Idle Min |  Label, Label,10000,10,manual_check_needed,,,{'BENIGN': 10000}
CICIDS2017,Wednesday-workingHours.pcap_ISCX.csv,272.41,85,Flow ID |  Source IP |  Source Port |  Destination IP |  Destination Port |  Protocol |  Timestamp |  Flow Duration |  Total Fwd Packets |  Total Backward Packets | Total Length of Fwd Packets |  Total Length of Bwd Packets |  Fwd Packet Length Max |  Fwd Packet Length Min |  Fwd Packet Length Mean |  Fwd Packet Length Std | Bwd Packet Length Max |  Bwd Packet Length Min |  Bwd Packet Length Mean |  Bwd Packet Length Std | Flow Bytes/s |  Flow Packets/s |  Flow IAT Mean |  Flow IAT Std |  Flow IAT Max |  Flow IAT Min | Fwd IAT Total |  Fwd IAT Mean |  Fwd IAT Std |  Fwd IAT Max |  Fwd IAT Min | Bwd IAT Total |  Bwd IAT Mean |  Bwd IAT Std |  Bwd IAT Max |  Bwd IAT Min | Fwd PSH Flags |  Bwd PSH Flags |  Fwd URG Flags |  Bwd URG Flags |  Fwd Header Length |  Bwd Header Length | Fwd Packets/s |  Bwd Packets/s |  Min Packet Length |  Max Packet Length |  Packet Length Mean |  Packet Length Std |  Packet Length Variance | FIN Flag Count |  SYN Flag Count |  RST Flag Count |  PSH Flag Count |  ACK Flag Count |  URG Flag Count |  CWE Flag Count |  ECE Flag Count |  Down/Up Ratio |  Average Packet Size |  Avg Fwd Segment Size |  Avg Bwd Segment Size |  Fwd Header Length.1 | Fwd Avg Bytes/Bulk |  Fwd Avg Packets/Bulk |  Fwd Avg Bulk Rate |  Bwd Avg Bytes/Bulk |  Bwd Avg Packets/Bulk | Bwd Avg Bulk Rate | Subflow Fwd Packets |  Subflow Fwd Bytes |  Subflow Bwd Packets |  Subflow Bwd Bytes | Init_Win_bytes_forward |  Init_Win_bytes_backward |  act_data_pkt_fwd |  min_seg_size_forward | Active Mean |  Active Std |  Active Max |  Active Min | Idle Mean |  Idle Std |  Idle Max |  Idle Min |  Label, Label,10000,4,manual_check_needed,,,"{'BENIGN': 9999, 'DoS slowloris': 1}"
